Handle,Title,Body (HTML),Vendor,Type,Tags,Published,Option1 Name,Option1 Value,Option2 Name,Option2 Value,Option3 Name,Option3 Value,Variant SKU,Variant Grams,Variant Inventory Tracker,Variant Inventory Policy,Variant Fulfillment Service,Variant Price,Variant Compare At Price,Variant Requires Shipping,Variant Taxable,Variant Barcode,Image Src,Image Position,Image Alt Text,Gift Card,SEO Title,SEO Description,Variant Image,Variant Weight Unit,Variant Tax Code,Cost per item
google-pixel-5-diagnostic-service,Google Pixel 5 Diagnostic Service,"<div style=""position: relative; padding-bottom: 56.25%; padding-top: 30px; height: 0; overflow: hidden;""><iframe style=""position: absolute; top: 0; left: 0; width: 100%; height: 100%; display: block; margin-left: auto; margin-right: auto;"" src=""https://www.youtube.com/embed/9z61L7QyDVo"" width=""853"" height=""480"" frameborder=""0"" allowfullscreen=""allowfullscreen""></iframe></div><p>&nbsp;</p><h2>Google Pixel 5 Diagnostic Service</h2><p>&nbsp;</p><p>The Google Pixel 5 has great build quality and design, but it isn't invincible. Since your device is of little use when broken, it's a good idea to bring it to iFixYouri for expert Diagnostic Service.</p><p>&nbsp;<p>Each device has its own lifespan - some devices use higher quality components than others and can last years if properly maintained. Drops, water or liquid, even a jolt can damage your device. </p><p>&nbsp;</p><p><strong>*NOTE: If you decline repairs for diagnostic or water damage treatment or your device is deemed non-repairable, you will be responsible for shipping and handling.</strong></p> This is the service you need if you aren't quite sure what the problem with your Google Pixel 5 is. We'll find out what is going on, and contact you with a repair quote.<p>&nbsp;</p><p>Every repair service begins with a series of diagnostic tests to determine what the issue is. Our technicians use their repair experience to quickly diagnose the problem. In most cases, repairs are minimal; however, if we see that your Google Pixel 5 has additional damage, we'll contact you before proceeding.</p><p>&nbsp;</p><p>Faster shipping options and extra insurance protection are available for purchase if you'd like. Simply choose from the drop-downs before adding to your shopping cart. When packaging your device, use a sturdy, secure box. You do not need to ship us your cases, cables, or accessories.</p><p>&nbsp;</p><p>If you have specific questions about Diagnostic Service or any Google Pixel 5 service from iFixYouri, please ask them in the box below. Contact customer service with any questions at <a href=""tel:888-494-4349"">888-494-4349</a> or <a href=""mailto:support@ifixyouri.com"">support@ifixyouri.com</a>.</p>",iFixYouri,,Google Pixel 5 Repair Services,TRUE,Title,Default Title,,,,,,0,,continue,manual,0,,TRUE,TRUE,,,,,,Google Pixel 5 Diagnostic Service,Google Pixel 5 Diagnostic Service performed by repair experts iFixYouri. Warranty included. Call today 888-494-4349.,,lb,,
google-pixel-5-glass-repair,Google Pixel 5 Glass Repair,"<div style=""position: relative; padding-bottom: 56.25%; padding-top: 30px; height: 0; overflow: hidden;""><iframe style=""position: absolute; top: 0; left: 0; width: 100%; height: 100%; display: block; margin-left: auto; margin-right: auto;"" src=""https://www.youtube.com/embed/1vrnuazxPIo"" width=""853"" height=""480"" frameborder=""0"" allowfullscreen=""allowfullscreen""></iframe></div><p>&nbsp;</p><h2>Google Pixel 5 Glass Repair</h2><p>&nbsp;</p><p>We recommend not trying Glass Repair yourself. Devices have become more and more sophisticated and you may cause more damage. Using the supplied shipping label, send your Google Pixel 5 to iFixYouri's mail-in center so our skilled repair technicians can inspect your device, pinpoint all/any issues affecting it, and get them repaired the professional way.</p> Those who have both cracked glass and a broken LCD should opt for our Google Pixel 5 Glass & LCD Repair. This service is for glass breakage only.<p>&nbsp;</p><p>With Glass Repair for Google Pixel 5, iFixYouri is here to help. With this service, our repair technicians inspect the problem, as well as any other affected components, repair your device, and send it back to you asap. If there are any other issues affecting your device, we'll let you know and proceed with those repairs only after your approval.</p><p>&nbsp;</p><p>Send your Google Pixel 5 to iFixYouri via the UPS shipping method of your choosing. Please ship your device in a sturdy, secure box. If you hear it rattling around in the box, add some more padding. Please do not include cases, cables, or accessories. Standard UPS Ground is covered by us, as well as $100 insurance. Faster shipping and extra insurance coverage can be purchased using the drop-down boxes above.</p><p>&nbsp;</p><p>All replacement parts come with a 90-day warranty that covers all but accidental damage.</p><p>&nbsp;</p><p>iFixYouri can be reached at <a href=""tel:888-494-4349"">888-494-4349</a> or <a href=""mailto:support@ifixyouri.com"">support@ifixyouri.com</a>. Get your Google Pixel 5 working like new with the help of experienced technicians who do the job right the first time, and save yourself a lot of money and hassle.</p>",iFixYouri,,Google Pixel 5 Repair Services,FALSE,Title,Default Title,,,,,,0,,continue,manual,349.99,,TRUE,TRUE,,,,,,Google Pixel 5 Glass Repair,Google Pixel 5 Glass Repair performed by repair experts iFixYouri. Warranty included. Call today 888-494-4349.,,lb,,
google-pixel-5-glass-&-lcd-repair,Google Pixel 5 Glass & LCD Repair,"<div style=""position: relative; padding-bottom: 56.25%; padding-top: 30px; height: 0; overflow: hidden;""><iframe style=""position: absolute; top: 0; left: 0; width: 100%; height: 100%; display: block; margin-left: auto; margin-right: auto;"" src=""https://www.youtube.com/embed/tF_zuMX4ixI"" width=""853"" height=""480"" frameborder=""0"" allowfullscreen=""allowfullscreen""></iframe></div><p>&nbsp;</p><h2>Google Pixel 5 Glass & LCD Repair</h2><p>&nbsp;</p><p>The Google Pixel 5 has great build quality and design, but it isn't invincible. Since your device is of little use when broken, it's a good idea to bring it to iFixYouri for expert Glass & LCD Repair.</p><p>&nbsp;<p>Each device has its own lifespan - some devices use higher quality components than others and can last years if properly maintained. Drops, water or liquid, even a jolt can damage your device. </p> Those who have only cracked glass, NOT a broken LCD, should opt for our Google Pixel 5 Glass Repair. This service is for both cracked glass and a broken LCD.<p>&nbsp;</p><p>iFixYouri is here to solve your problem with Glass & LCD Repair for Google Pixel 5. With this service, we'll determine the extent of the damage, get your device repaired, and send it back to you. We'll let you know if there are any other issues affecting your device and give you the option of proceeding with those repairs.</p><p>&nbsp;</p><p>We email you a printable shipping label, and include $100 of insurance protection. If you would like faster shipping or more insurance coverage, you have the option to upgrade above using the drop-downs. </p><p>&nbsp;</p><p>All replacement parts come with a 90-day warranty that covers all but accidental damage.</p><p>&nbsp;</p><p>Do you have any questions about Glass & LCD Repair from iFixYouri? Just ask them in the box below, and we'll get back to you. Alternatively, you can always reach us via our support phone number <a href=""tel:888-494-4349"">888-494-4349</a> or email <a href=""mailto:support@ifixyouri.com"">support@ifixyouri.com</a></p>",iFixYouri,,Google Pixel 5 Repair Services,FALSE,Title,Default Title,,,,,,0,,continue,manual,369.99,,TRUE,TRUE,,,,,,Google Pixel 5 Glass & LCD Repair,Google Pixel 5 Glass & LCD Repair performed by repair experts iFixYouri. Warranty included. Call today 888-494-4349.,,lb,,
google-pixel-5-battery-replacement,Google Pixel 5 Battery Replacement,"<h2>Google Pixel 5 Battery Replacement</h2><p>&nbsp;</p><p>We recommend not trying Battery Replacement yourself. Devices have become more and more sophisticated and you may cause more damage. Using the supplied shipping label, send your Google Pixel 5 to iFixYouri's mail-in center so our skilled repair technicians can inspect your device, pinpoint all/any issues affecting it, and get them repaired the professional way.</p> Old or bad batteries can really be frustrating. You might need Battery Replacement if your battery does not hold charge well or charges very slowly or barely at all.<p>&nbsp;</p><p>Every repair service begins with a series of diagnostic tests to determine what the issue is. Our technicians use their repair experience to quickly diagnose the problem. In most cases, repairs are minimal; however, if we see that your Google Pixel 5 has additional damage, we'll contact you before proceeding.</p><p>&nbsp;</p><p>Send your Google Pixel 5 to iFixYouri via the UPS shipping method of your choosing. Please ship your device in a sturdy, secure box. If you hear it rattling around in the box, add some more padding. Please do not include cases, cables, or accessories. Standard UPS Ground is covered by us, as well as $100 insurance. Faster shipping and extra insurance coverage can be purchased using the drop-down boxes above.</p><p>&nbsp;</p><p>Battery Replacement repair includes a 90-day warranty that covers all but accidental damage. If you notice something off about the fit, function, or performance of your replacement part or parts, let us know right away and we will be glad to help.</p><p>&nbsp;</p><p>Questions about Battery Replacement? Type them into the box below, and we'll get back to you as soon as possible. Alternatively, you can reach us at <a href=""tel:888-494-4349"">888-494-4349</a> or <a href=""mailto:support@ifixyouri.com"">support@ifixyouri.com</a></p>",iFixYouri,,Google Pixel 5 Repair Services,FALSE,Title,Default Title,,,,,,0,,continue,manual,99.99,,TRUE,TRUE,,,,,,Google Pixel 5 Battery Replacement,Google Pixel 5 Battery Replacement performed by repair experts iFixYouri. Warranty included. Call today 888-494-4349.,,lb,,
google-pixel-5-charging-port-repair,Google Pixel 5 Charging Port Repair,"<h2>Google Pixel 5 Charging Port Repair</h2><p>&nbsp;</p><p>We recommend not trying Charging Port Repair yourself. Devices have become more and more sophisticated and you may cause more damage. Using the supplied shipping label, send your Google Pixel 5 to iFixYouri's mail-in center so our skilled repair technicians can inspect your device, pinpoint all/any issues affecting it, and get them repaired the professional way.</p> Charging port repair may be what you need if your device is charging slowly or not at all. Sometimes the battery needs replacement. Whatever the case, the professional technicians at iFixYouri can help.<p>&nbsp;</p><p>With Charging Port Repair for Google Pixel 5, iFixYouri is here to help. With this service, our repair technicians inspect the problem, as well as any other affected components, repair your device, and send it back to you asap. If there are any other issues affecting your device, we'll let you know and proceed with those repairs only after your approval.</p><p>&nbsp;</p>Free UPS ground shipping and $100 of insurance are included. You may purchase faster shipping options and additional insurance protection using the drop-down options above. That's up to you. Don't send us your cables, charges, or cases please. We have plenty here already :) Just package your Google Pixel 5 in a secure box and affix the provided label.</p><p>&nbsp;</p><p>A 90-day warranty that covers all but accidental damage is included. Contact customer service with any questions at <a href=""tel:888-494-4349"">888-494-4349</a> or <a href=""mailto:support@ifixyouri.com"">support@ifixyouri.com</a>.</p><p>&nbsp;</p><p>Questions about Charging Port Repair? Type them into the box below, and we'll get back to you as soon as possible. Alternatively, you can reach us at <a href=""tel:888-494-4349"">888-494-4349</a> or <a href=""mailto:support@ifixyouri.com"">support@ifixyouri.com</a></p>",iFixYouri,,Google Pixel 5 Repair Services,FALSE,Title,Default Title,,,,,,0,,continue,manual,79.99,,TRUE,TRUE,,,,,,Google Pixel 5 Charging Port Repair,Google Pixel 5 Charging Port Repair performed by repair experts iFixYouri. Warranty included. Call today 888-494-4349.,,lb,,
google-pixel-5-front-camera-repair,Google Pixel 5 Front Camera Repair,"<h2>Google Pixel 5 Front Camera Repair</h2><p>&nbsp;</p><p>At iFixYouri, we understand. Your Google Pixel 5 is really important to you. When it breaks, it can really mess up your day. If you are in need of Front Camera Repair, let the professional repair technicians at iFixYouri help you out.</p><p>&nbsp;</p><p>After checkout, you'll receive an email confirmation and shipping label. When your phone arrives at our repair center, we do diagnostic tests to determine if any other issues are at play. Outgoing testing ensures that your Google Pixel 5 is fully functional. With the repairs complete, we send you a tracking number and ship your Google Pixel 5 back to you!</p><p>&nbsp;</p>Free UPS ground shipping and $100 of insurance are included. You may purchase faster shipping options and additional insurance protection using the drop-down options above. That's up to you. Don't send us your cables, charges, or cases please. We have plenty here already :) Just package your Google Pixel 5 in a secure box and affix the provided label.</p><p>&nbsp;</p><p>A 90-day warranty that covers all but accidental damage comes with every repair.</p><p>&nbsp;</p><p>iFixYouri can be reached at <a href=""tel:888-494-4349"">888-494-4349</a> or <a href=""mailto:support@ifixyouri.com"">support@ifixyouri.com</a>. Get your Google Pixel 5 working like new with the help of experienced technicians who do the job right the first time, and save yourself a lot of money and hassle.</p>",iFixYouri,,Google Pixel 5 Repair Services,FALSE,Title,Default Title,,,,,,0,,continue,manual,99.99,,TRUE,TRUE,,,,,,Google Pixel 5 Front Camera Repair,Google Pixel 5 Front Camera Repair performed by repair experts iFixYouri. Warranty included. Call today 888-494-4349.,,lb,,
google-pixel-5-loud-speaker-repair,Google Pixel 5 Loud Speaker Repair,"<h2>Google Pixel 5 Loud Speaker Repair</h2><p>&nbsp;</p><p>The Google Pixel 5 has great build quality and design, but it isn't invincible. Since your device is of little use when broken, it's a good idea to bring it to iFixYouri for expert Loud Speaker Repair.</p><p>&nbsp;<p>Each device has its own lifespan - some devices use higher quality components than others and can last years if properly maintained. Drops, water or liquid, even a jolt can damage your device. </p><p>&nbsp;</p><p>With Loud Speaker Repair for Google Pixel 5, iFixYouri is here to help. With this service, our repair technicians inspect the problem, as well as any other affected components, repair your device, and send it back to you asap. If there are any other issues affecting your device, we'll let you know and proceed with those repairs only after your approval.</p><p>&nbsp;</p><p>We email you a printable shipping label, and include $100 of insurance protection. If you would like faster shipping or more insurance coverage, you have the option to upgrade above using the drop-downs. </p><p>&nbsp;</p><p>Loud Speaker Repair repair includes a 90-day warranty that covers all but accidental damage. If you notice something off about the fit, function, or performance of your replacement part or parts, let us know right away and we will be glad to help.</p><p>&nbsp;</p><p>If you have specific questions about Loud Speaker Repair or any Google Pixel 5 service from iFixYouri, please ask them in the box below. Contact customer service with any questions at <a href=""tel:888-494-4349"">888-494-4349</a> or <a href=""mailto:support@ifixyouri.com"">support@ifixyouri.com</a>.</p>",iFixYouri,,Google Pixel 5 Repair Services,FALSE,Title,Default Title,,,,,,0,,continue,manual,79.99,,TRUE,TRUE,,,,,,Google Pixel 5 Loud Speaker Repair,Google Pixel 5 Loud Speaker Repair performed by repair experts iFixYouri. Warranty included. Call today 888-494-4349.,,lb,,
google-pixel-5-microphone-repair,Google Pixel 5 Microphone Repair,"<h2>Google Pixel 5 Microphone Repair</h2><p>&nbsp;</p><p>The Google Pixel 5 has great build quality and design, but it isn't invincible. Since your device is of little use when broken, it's a good idea to bring it to iFixYouri for expert Microphone Repair.</p><p>&nbsp;<p>Each device has its own lifespan - some devices use higher quality components than others and can last years if properly maintained. Drops, water or liquid, even a jolt can damage your device. </p><p>&nbsp;</p><p>iFixYouri is here to solve your problem with Microphone Repair for Google Pixel 5. With this service, we'll determine the extent of the damage, get your device repaired, and send it back to you. We'll let you know if there are any other issues affecting your device and give you the option of proceeding with those repairs.</p><p>&nbsp;</p>Free UPS ground shipping and $100 of insurance are included. You may purchase faster shipping options and additional insurance protection using the drop-down options above. That's up to you. Don't send us your cables, charges, or cases please. We have plenty here already :) Just package your Google Pixel 5 in a secure box and affix the provided label.</p><p>&nbsp;</p><p>A 90-day warranty that covers all but accidental damage comes with every repair.</p><p>&nbsp;</p><p>Questions about Microphone Repair? Type them into the box below, and we'll get back to you as soon as possible. Alternatively, you can reach us at <a href=""tel:888-494-4349"">888-494-4349</a> or <a href=""mailto:support@ifixyouri.com"">support@ifixyouri.com</a></p>",iFixYouri,,Google Pixel 5 Repair Services,FALSE,Title,Default Title,,,,,,0,,continue,manual,89.99,,TRUE,TRUE,,,,,,Google Pixel 5 Microphone Repair,Google Pixel 5 Microphone Repair performed by repair experts iFixYouri. Warranty included. Call today 888-494-4349.,,lb,,
google-pixel-5-power-button-repair,Google Pixel 5 Power Button Repair,"<h2>Google Pixel 5 Power Button Repair</h2><p>&nbsp;</p><p>At iFixYouri, we understand. Your Google Pixel 5 is really important to you. When it breaks, it can really mess up your day. If you are in need of Power Button Repair, let the professional repair technicians at iFixYouri help you out.</p><p>&nbsp;</p><p>iFixYouri is here to solve your problem with Power Button Repair for Google Pixel 5. With this service, we'll determine the extent of the damage, get your device repaired, and send it back to you. We'll let you know if there are any other issues affecting your device and give you the option of proceeding with those repairs.</p><p>&nbsp;</p>Free UPS ground shipping and $100 of insurance are included. You may purchase faster shipping options and additional insurance protection using the drop-down options above. That's up to you. Don't send us your cables, charges, or cases please. We have plenty here already :) Just package your Google Pixel 5 in a secure box and affix the provided label.</p><p>&nbsp;</p><p>All replacement parts come with a 90-day warranty that covers all but accidental damage.</p><p>&nbsp;</p><p>If you have specific questions about Power Button Repair or any Google Pixel 5 service from iFixYouri, please ask them in the box below. Contact customer service with any questions at <a href=""tel:888-494-4349"">888-494-4349</a> or <a href=""mailto:support@ifixyouri.com"">support@ifixyouri.com</a>.</p>",iFixYouri,,Google Pixel 5 Repair Services,FALSE,Title,Default Title,,,,,,0,,continue,manual,99.99,,TRUE,TRUE,,,,,,Google Pixel 5 Power Button Repair,Google Pixel 5 Power Button Repair performed by repair experts iFixYouri. Warranty included. Call today 888-494-4349.,,lb,,
google-pixel-5-rear-camera-repair,Google Pixel 5 Rear Camera Repair,"<h2>Google Pixel 5 Rear Camera Repair</h2><p>&nbsp;</p><p>At iFixYouri, we understand. Your Google Pixel 5 is really important to you. When it breaks, it can really mess up your day. If you are in need of Rear Camera Repair, let the professional repair technicians at iFixYouri help you out.</p><p>&nbsp;</p><p>iFixYouri is here to solve your problem with Rear Camera Repair for Google Pixel 5. With this service, we'll determine the extent of the damage, get your device repaired, and send it back to you. We'll let you know if there are any other issues affecting your device and give you the option of proceeding with those repairs.</p><p>&nbsp;</p>Free UPS ground shipping and $100 of insurance are included. You may purchase faster shipping options and additional insurance protection using the drop-down options above. That's up to you. Don't send us your cables, charges, or cases please. We have plenty here already :) Just package your Google Pixel 5 in a secure box and affix the provided label.</p><p>&nbsp;</p><p>A 90-day warranty that covers all but accidental damage is included. Contact customer service with any questions at <a href=""tel:888-494-4349"">888-494-4349</a> or <a href=""mailto:support@ifixyouri.com"">support@ifixyouri.com</a>.</p><p>&nbsp;</p><p>iFixYouri can be reached at <a href=""tel:888-494-4349"">888-494-4349</a> or <a href=""mailto:support@ifixyouri.com"">support@ifixyouri.com</a>. Get your Google Pixel 5 working like new with the help of experienced technicians who do the job right the first time, and save yourself a lot of money and hassle.</p>",iFixYouri,,Google Pixel 5 Repair Services,FALSE,Title,Default Title,,,,,,0,,continue,manual,129.99,,TRUE,TRUE,,,,,,Google Pixel 5 Rear Camera Repair,Google Pixel 5 Rear Camera Repair performed by repair experts iFixYouri. Warranty included. Call today 888-494-4349.,,lb,,
google-pixel-5-volume-button-repair,Google Pixel 5 Volume Button Repair,"<h2>Google Pixel 5 Volume Button Repair</h2><p>&nbsp;</p><p>The Google Pixel 5 has great build quality and design, but it isn't invincible. Since your device is of little use when broken, it's a good idea to bring it to iFixYouri for expert Volume Button Repair.</p><p>&nbsp;<p>Each device has its own lifespan - some devices use higher quality components than others and can last years if properly maintained. Drops, water or liquid, even a jolt can damage your device. </p><p>&nbsp;</p><p>iFixYouri is here to solve your problem with Volume Button Repair for Google Pixel 5. With this service, we'll determine the extent of the damage, get your device repaired, and send it back to you. We'll let you know if there are any other issues affecting your device and give you the option of proceeding with those repairs.</p><p>&nbsp;</p><p>We email you a printable shipping label, and include $100 of insurance protection. If you would like faster shipping or more insurance coverage, you have the option to upgrade above using the drop-downs. </p><p>&nbsp;</p><p>All replacement parts come with a 90-day warranty that covers all but accidental damage.</p><p>&nbsp;</p><p>Questions about Volume Button Repair? Type them into the box below, and we'll get back to you as soon as possible. Alternatively, you can reach us at <a href=""tel:888-494-4349"">888-494-4349</a> or <a href=""mailto:support@ifixyouri.com"">support@ifixyouri.com</a></p>",iFixYouri,,Google Pixel 5 Repair Services,FALSE,Title,Default Title,,,,,,0,,continue,manual,99.99,,TRUE,TRUE,,,,,,Google Pixel 5 Volume Button Repair,Google Pixel 5 Volume Button Repair performed by repair experts iFixYouri. Warranty included. Call today 888-494-4349.,,lb,,
google-pixel-5-water-damage-repair,Google Pixel 5 Water Damage Repair,"<div style=""position: relative; padding-bottom: 56.25%; padding-top: 30px; height: 0; overflow: hidden;""><iframe style=""position: absolute; top: 0; left: 0; width: 100%; height: 100%; display: block; margin-left: auto; margin-right: auto;"" src=""https://www.youtube.com/embed/GfawakMoM9E?rel=0"" width=""853"" height=""480"" frameborder=""0"" allowfullscreen=""allowfullscreen""></iframe></div><p>&nbsp;</p><h2>Google Pixel 5 Water Damage Repair</h2><p>&nbsp;</p><p>At iFixYouri, we understand. Your Google Pixel 5 is really important to you. When it breaks, it can really mess up your day. If you are in need of Water Damage Repair, let the professional repair technicians at iFixYouri help you out.</p><p>&nbsp;</p><p><strong>*NOTE: If you decline repairs for diagnostic or water damage treatment or your device is deemed non-repairable, you will be responsible for shipping and handling.</strong></p> Water Damage repair is what you need if you have splashed or submerged your Google Pixel 5 in water or any other liquid. iFixYouri has a high success rate restoring devices that have lost power or function after coming in contact with liquid.<p>&nbsp;</p><p>Every repair service begins with a series of diagnostic tests to determine what the issue is. Our technicians use their repair experience to quickly diagnose the problem. In most cases, repairs are minimal; however, if we see that your Google Pixel 5 has additional damage, we'll contact you before proceeding.</p><p>&nbsp;</p>Free UPS ground shipping and $100 of insurance are included. You may purchase faster shipping options and additional insurance protection using the drop-down options above. That's up to you. Don't send us your cables, charges, or cases please. We have plenty here already :) Just package your Google Pixel 5 in a secure box and affix the provided label.</p><p>&nbsp;</p><p>iFixYouri can be reached at <a href=""tel:888-494-4349"">888-494-4349</a> or <a href=""mailto:support@ifixyouri.com"">support@ifixyouri.com</a>. Get your Google Pixel 5 working like new with the help of experienced technicians who do the job right the first time, and save yourself a lot of money and hassle.</p>",iFixYouri,,Google Pixel 5 Repair Services,TRUE,Title,Default Title,,,,,,0,,continue,manual,0,,TRUE,TRUE,,,,,,Google Pixel 5 Water Damage Repair,Google Pixel 5 Water Damage Repair performed by repair experts iFixYouri. Warranty included. Call today 888-494-4349.,,lb,,
google-pixel-5-ear-speaker-repair,Google Pixel 5 Ear Speaker Repair,"<h2>Google Pixel 5 Ear Speaker Repair</h2><p>&nbsp;</p><p>At iFixYouri, we understand. Your Google Pixel 5 is really important to you. When it breaks, it can really mess up your day. If you are in need of Ear Speaker Repair, let the professional repair technicians at iFixYouri help you out.</p><p>&nbsp;</p><p>After checkout, you'll receive an email confirmation and shipping label. When your phone arrives at our repair center, we do diagnostic tests to determine if any other issues are at play. Outgoing testing ensures that your Google Pixel 5 is fully functional. With the repairs complete, we send you a tracking number and ship your Google Pixel 5 back to you!</p><p>&nbsp;</p><p>We email you a printable shipping label, and include $100 of insurance protection. If you would like faster shipping or more insurance coverage, you have the option to upgrade above using the drop-downs. </p><p>&nbsp;</p><p>Ear Speaker Repair repair includes a 90-day warranty that covers all but accidental damage. If you notice something off about the fit, function, or performance of your replacement part or parts, let us know right away and we will be glad to help.</p><p>&nbsp;</p><p>iFixYouri can be reached at <a href=""tel:888-494-4349"">888-494-4349</a> or <a href=""mailto:support@ifixyouri.com"">support@ifixyouri.com</a>. Get your Google Pixel 5 working like new with the help of experienced technicians who do the job right the first time, and save yourself a lot of money and hassle.</p>",iFixYouri,,Google Pixel 5 Repair Services,FALSE,Title,Default Title,,,,,,0,,continue,manual,79.99,,TRUE,TRUE,,,,,,Google Pixel 5 Ear Speaker Repair,Google Pixel 5 Ear Speaker Repair performed by repair experts iFixYouri. Warranty included. Call today 888-494-4349.,,lb,,
google-pixel-5-vibrate-switch-repair,Google Pixel 5 Vibrate Switch Repair,"<h2>Google Pixel 5 Vibrate Switch Repair</h2><p>&nbsp;</p><p>At iFixYouri, we understand. Your Google Pixel 5 is really important to you. When it breaks, it can really mess up your day. If you are in need of Vibrate Switch Repair, let the professional repair technicians at iFixYouri help you out.</p><p>&nbsp;</p><p>With Vibrate Switch Repair for Google Pixel 5, iFixYouri is here to help. With this service, our repair technicians inspect the problem, as well as any other affected components, repair your device, and send it back to you asap. If there are any other issues affecting your device, we'll let you know and proceed with those repairs only after your approval.</p><p>&nbsp;</p><p>Send your Google Pixel 5 to iFixYouri via the UPS shipping method of your choosing. Please ship your device in a sturdy, secure box. If you hear it rattling around in the box, add some more padding. Please do not include cases, cables, or accessories. Standard UPS Ground is covered by us, as well as $100 insurance. Faster shipping and extra insurance coverage can be purchased using the drop-down boxes above.</p><p>&nbsp;</p><p>A 90-day warranty that covers all but accidental damage comes with every repair.</p><p>&nbsp;</p><p>iFixYouri can be reached at <a href=""tel:888-494-4349"">888-494-4349</a> or <a href=""mailto:support@ifixyouri.com"">support@ifixyouri.com</a>. Get your Google Pixel 5 working like new with the help of experienced technicians who do the job right the first time, and save yourself a lot of money and hassle.</p>",iFixYouri,,Google Pixel 5 Repair Services,FALSE,Title,Default Title,,,,,,0,,continue,manual,99.99,,TRUE,TRUE,,,,,,Google Pixel 5 Vibrate Switch Repair,Google Pixel 5 Vibrate Switch Repair performed by repair experts iFixYouri. Warranty included. Call today 888-494-4349.,,lb,,
