LOCATION, YELP RATING, YELP REVIEWS, GOOGLE RATING, GOOGLE REVIEWS, 
LOCATION, YELP RATING, YELP REVIEWS, GOOGLE RATING, GOOGLE REVIEWS, 
LOCATION, YELP RATING, YELP REVIEWS, GOOGLE RATING, GOOGLE REVIEWS, 
LOCATION, YELP RATING, YELP REVIEWS, GOOGLE RATING, GOOGLE REVIEWS, 
LOCATION, YELP RATING, YELP REVIEWS, GOOGLE RATING, GOOGLE REVIEWS, 
LOCATION, YELP RATING, YELP REVIEWS, GOOGLE RATING, GOOGLE REVIEWS, 
LOCATION, YELP RATING, YELP REVIEWS, GOOGLE RATING, GOOGLE REVIEWS, 
LOCATION, YELP RATING, YELP REVIEWS, GOOGLE RATING, GOOGLE REVIEWS, 
LOCATION, YELP RATING, YELP REVIEWS, GOOGLE RATING, GOOGLE REVIEWS, 
LOCATION, YELP RATING, YELP REVIEWS, GOOGLE RATING, GOOGLE REVIEWS, 
LOCATION, YELP RATING, YELP REVIEWS, GOOGLE RATING, GOOGLE REVIEWS, 
LOCATION, YELP RATING, YELP REVIEWS, GOOGLE RATING, GOOGLE REVIEWS, 
LOCATION, YELP RATING, YELP REVIEWS, GOOGLE RATING, GOOGLE REVIEWS, 
LOCATION, YELP RATING, YELP REVIEWS, GOOGLE RATING, GOOGLE REVIEWS, 
LOCATION, YELP RATING, YELP REVIEWS, GOOGLE RATING, GOOGLE REVIEWS, 
LOCATION, YELP RATING, YELP REVIEWS, GOOGLE RATING, GOOGLE REVIEWS, 
LOCATION, YELP RATING, YELP REVIEWS, GOOGLE RATING, GOOGLE REVIEWS, 
LOCATION, YELP RATING, YELP REVIEWS, GOOGLE RATING, GOOGLE REVIEWS, 
LOCATION, YELP RATING, YELP REVIEWS, GOOGLE RATING, GOOGLE REVIEWS, 
