Handle,Title,Body (HTML),Tags,Variant Price,SEO Title,SEO Description
acer-chromebook-diagnostic-service,Acer Chromebook Diagnostic Service,"<h2>Acer Chromebook Diagnostic Service</h2><p>Please don't try Chromebook Diagnostic Service yourself. Computers have become more complex, with smaller components. You'll most likely cause more damage. Using the shipping label emailed after checkout, send your Acer to iFixYouri so our repair technicians can check your device, pinpoint any issues, and get them repaired the professional way.</p><p>With Diagnostic Service for Acer Chromebooks, iFixYouri is here to help. Our repair technicians inspect the problem, as well as any other components, repair your device, and send it back to you quickly. If there are any other issues with your device, we'll let you know and proceed with those repairs only after your approval.</p><h3>Shipping Your Acer</h3><p>Use the calculator below to estimate shipping. Please ship your device in a sturdy, secure box. If you hear it rattling around in the box, add some more padding. Please do not include cases, cables, or accessories. Standard shipping is covered by us, as well as $100 insurance. Faster shipping and extra insurance coverage can be purchased during checkout.</p><h3>Customer Service</h3><p>Questions about Diagnostic Service? Type them into the box below, and we'll get back to you as soon as possible. Alternatively, you can reach us at <a href=""tel:888-494-4349"">888-494-4349</a> or <a href=""mailto:support@ifixyouri.com"">support@ifixyouri.com</a></p><p>NOTE: Computer pictured above may not necessarily match your exact model. Your replacement part or parts will match your specific device.</p>","Acer Chromebook Repair, Acer 11 C710 Chromebook Repair, Acer 11 C720 Chromebook Repair, Acer 11 C721-25AS Chromebook Repair, Acer 11 C730E Chromebook Repair, Acer 11 C731 Chromebook Repair, Acer 11 C731T Chromebook Repair, Acer 11 C732 Chromebook Repair, Acer 11 C732T Chromebook Repair, Acer 11 C733 Chromebook Repair, Acer 11 C738T Chromebook Repair, Acer 11 C740 Chromebook Repair, Acer 11 C771 Chromebook Repair, Acer 11 C771T Chromebook Repair, Acer 11 C910 Chromebook Repair, Acer 11 CB3-111 Chromebook Repair, Acer 11 CB3-131 Chromebook Repair, Acer 11 CB311 Chromebook Repair, Acer 11 CB311-8HT Chromebook Repair, Acer 11 CB5-132T Chromebook Repair, Acer 11 R721T Chromebook Repair, Acer 11 R751T Chromebook Repair, Acer 11 R752T Chromebook Repair, Acer 13 C810 Chromebook Repair, Acer 13 CB5-311 Chromebook Repair, Acer 13 CB5-312T Chromebook Repair, Acer 14 CB3-431 Chromebook Repair, Acer 14 CB514-1H Chromebook Repair, Acer 14 CP5-471 Chromebook Repair, Acer 15 C910 Chromebook Repair, Acer 15 CB3-531 Chromebook Repair, Acer 15 CB3-532 Chromebook Repair, Acer 15 CB5-571 Chromebook Repair, Acer 15 CB515 Chromebook Repair",0,Acer Chromebook Diagnostic Service,Acer Chromebook Diagnostic Service performed by Chromebook repair experts iFixYouri. Warranty included. Call today 888-494-4349.
acer-chromebook-water-damage-repair,Acer Chromebook Water Damage Repair,"<h2>Acer Chromebook Water Damage Repair</h2><p>At iFixYouri, we understand. Your Acer is really important to you. When it breaks, it can cause problems. If you need Chromebook Water Damage Repair, let the professional repair technicians at iFixYouri help you out.</p><p>Every repair service begins with a series of diagnostic tests to determine what the issue is. Our technicians use their repair experience to quickly diagnose the problem. In many cases, repairs are minimal; however, if we see that your Acer Chromebook has additional damage, we'll contact you before proceeding.</p><h3>Shipping Your Acer</h3><p>You may purchase faster shipping options and additional insurance protection during checkout. That's up to you. Don't send us your cables, charges, or cases, please. We have plenty here already :) Just package your Acer Chromebook in a secure box and affix the provided label.</p><h3>Contact/Support</h3><p>Call iFixYouri @ <a href=""tel:888-494-4349"">888-494-4349</a> or <a href=""mailto:support@ifixyouri.com"">support@ifixyouri.com</a>. You can also ask questions using the chatbot or question form below.</p><p>NOTE: Computer pictured above may not necessarily match your exact model. Your replacement part or parts will match your specific device.</p>","Acer Chromebook Repair, Acer 11 C710 Chromebook Repair, Acer 11 C720 Chromebook Repair, Acer 11 C721-25AS Chromebook Repair, Acer 11 C730E Chromebook Repair, Acer 11 C731 Chromebook Repair, Acer 11 C731T Chromebook Repair, Acer 11 C732 Chromebook Repair, Acer 11 C732T Chromebook Repair, Acer 11 C733 Chromebook Repair, Acer 11 C738T Chromebook Repair, Acer 11 C740 Chromebook Repair, Acer 11 C771 Chromebook Repair, Acer 11 C771T Chromebook Repair, Acer 11 C910 Chromebook Repair, Acer 11 CB3-111 Chromebook Repair, Acer 11 CB3-131 Chromebook Repair, Acer 11 CB311 Chromebook Repair, Acer 11 CB311-8HT Chromebook Repair, Acer 11 CB5-132T Chromebook Repair, Acer 11 R721T Chromebook Repair, Acer 11 R751T Chromebook Repair, Acer 11 R752T Chromebook Repair, Acer 13 C810 Chromebook Repair, Acer 13 CB5-311 Chromebook Repair, Acer 13 CB5-312T Chromebook Repair, Acer 14 CB3-431 Chromebook Repair, Acer 14 CB514-1H Chromebook Repair, Acer 14 CP5-471 Chromebook Repair, Acer 15 C910 Chromebook Repair, Acer 15 CB3-531 Chromebook Repair, Acer 15 CB3-532 Chromebook Repair, Acer 15 CB5-571 Chromebook Repair, Acer 15 CB515 Chromebook Repair",0,Acer Chromebook Water Damage Repair,Acer Chromebook Water Damage Repair performed by Chromebook repair experts iFixYouri. Warranty included. Call today 888-494-4349.
asus-chromebook-diagnostic-service,Asus Chromebook Diagnostic Service,"<h2>Asus Chromebook Diagnostic Service</h2><p>The Asus Chromebook has great build quality and design, but it isn't invincible. Since your device is of little use when broken, it's a good idea to bring it to iFixYouri for expert Diagnostic Service.</p><p>Each device has its lifespan - some devices use higher quality components than others and can last years. However, repeated use or accidents can cause issues that require professional Chromebook repair technicians.</p>p>iFixYouri is here to solve your problem with Diagnostic Service for Asus Chromebooks. With this service, we'll determine the extent of the damage, get your device repaired, and send it back to you. We'll let you know if any other issues affect your device and give you the option of proceeding with those repairs.</p><h3>Shipping Your Asus</h3><p>You may purchase faster shipping options and additional insurance protection during checkout. That's up to you. Don't send us your cables, charges, or cases, please. We have plenty here already :) Just package your Asus Chromebook in a secure box and affix the provided label.</p><h3>Questions?</h3><p>If you have specific questions about Diagnostic Service or any Asus service from iFixYouri, please ask them in the box below. Contact customer service with any questions at <a href=""tel:888-494-4349"">888-494-4349</a> or <a href=""mailto:support@ifixyouri.com"">support@ifixyouri.com</a>.</p><p>NOTE: Computer pictured above may not necessarily match your exact model. Your replacement part or parts will match your specific device.</p>","Asus Chromebook Repair, Asus 10 C100PA Chromebook Repair, Asus 10 C101PA Chromebook Repair, Asus 11 C200MA Chromebook Repair, Asus 11 C201PA Chromebook Repair, Asus 11 C202SA Chromebook Repair, Asus 11 C204E Chromebook Repair, Asus 11 C213SA Chromebook Repair, Asus 11 C213SA-YS02-S Chromebook Repair, Asus 11 C223N Chromebook Repair, Asus 13 C300MA Chromebook Repair, Asus 13 C300SA Chromebook Repair, Asus 13 C301SA Chromebook Repair, Asus 14 C423N Chromebook Repair, Asus 15 C523N Chromebook Repair",0,Asus Chromebook Diagnostic Service,Asus Chromebook Diagnostic Service performed by Chromebook repair experts iFixYouri. Warranty included. Call today 888-494-4349.
asus-chromebook-water-damage-repair,Asus Chromebook Water Damage Repair,"<h2>Asus Chromebook Water Damage Repair</h2><p>At iFixYouri, we understand. Your Asus is really important to you. When it breaks, it can cause problems. If you need Chromebook Water Damage Repair, let the professional repair technicians at iFixYouri help you out.</p>p>iFixYouri is here to solve your problem with Water Damage Repair for Asus Chromebooks. With this service, we'll determine the extent of the damage, get your device repaired, and send it back to you. We'll let you know if any other issues affect your device and give you the option of proceeding with those repairs.</p><h3>Shipping Your Asus</h3><p>You may purchase faster shipping options and additional insurance protection during checkout. That's up to you. Don't send us your cables, charges, or cases, please. We have plenty here already :) Just package your Asus Chromebook in a secure box and affix the provided label.</p><h3>Customer Service</h3><p>Questions about Water Damage Repair? Type them into the box below, and we'll get back to you as soon as possible. Alternatively, you can reach us at <a href=""tel:888-494-4349"">888-494-4349</a> or <a href=""mailto:support@ifixyouri.com"">support@ifixyouri.com</a></p><p>NOTE: Computer pictured above may not necessarily match your exact model. Your replacement part or parts will match your specific device.</p>","Asus Chromebook Repair, Asus 10 C100PA Chromebook Repair, Asus 10 C101PA Chromebook Repair, Asus 11 C200MA Chromebook Repair, Asus 11 C201PA Chromebook Repair, Asus 11 C202SA Chromebook Repair, Asus 11 C204E Chromebook Repair, Asus 11 C213SA Chromebook Repair, Asus 11 C213SA-YS02-S Chromebook Repair, Asus 11 C223N Chromebook Repair, Asus 13 C300MA Chromebook Repair, Asus 13 C300SA Chromebook Repair, Asus 13 C301SA Chromebook Repair, Asus 14 C423N Chromebook Repair, Asus 15 C523N Chromebook Repair",0,Asus Chromebook Water Damage Repair,Asus Chromebook Water Damage Repair performed by Chromebook repair experts iFixYouri. Warranty included. Call today 888-494-4349.
dell-chromebook-diagnostic-service,Dell Chromebook Diagnostic Service,"<h2>Dell Chromebook Diagnostic Service</h2><p>At iFixYouri, we understand. Your Dell is really important to you. When it breaks, it can cause problems. If you need Chromebook Diagnostic Service, let the professional repair technicians at iFixYouri help you out.</p>p>iFixYouri is here to solve your problem with Diagnostic Service for Dell Chromebooks. With this service, we'll determine the extent of the damage, get your device repaired, and send it back to you. We'll let you know if any other issues affect your device and give you the option of proceeding with those repairs.</p><h3>Shipping Your Dell</h3><p>Use the calculator below to estimate shipping. Please ship your device in a sturdy, secure box. If you hear it rattling around in the box, add some more padding. Please do not include cases, cables, or accessories. Standard shipping is covered by us, as well as $100 insurance. Faster shipping and extra insurance coverage can be purchased during checkout.</p><h3>Questions? Just Ask.</h3><p>Do you have any questions about Diagnostic Service from iFixYouri? Just ask them in the box below, and we'll get back to you. Alternatively, you can always reach us via our support phone number <a href=""tel:888-494-4349"">888-494-4349</a> or email <a href=""mailto:support@ifixyouri.com"">support@ifixyouri.com</a></p><p>NOTE: Computer pictured above may not necessarily match your exact model. Your replacement part or parts will match your specific device.</p>","Dell Chromebook Repair, Dell 11 3100 Chromebook Repair, Dell 11 3120 Chromebook Repair, Dell 11 3180 Chromebook Repair, Dell 11 3181 Chromebook Repair, Dell 11 3189 Chromebook Repair, Dell 11 5190 Chromebook Repair, Dell 11 CB1C13 Chromebook Repair, Dell 13 3380 Chromebook Repair, Dell 13 7310 Chromebook Repair",0,Dell Chromebook Diagnostic Service,Dell Chromebook Diagnostic Service performed by Chromebook repair experts iFixYouri. Warranty included. Call today 888-494-4349.
dell-chromebook-water-damage-repair,Dell Chromebook Water Damage Repair,"<h2>Dell Chromebook Water Damage Repair</h2><p>Please don't try Chromebook Water Damage Repair yourself. Computers have become more complex, with smaller components. You'll most likely cause more damage. Using the shipping label emailed after checkout, send your Dell to iFixYouri so our repair technicians can check your device, pinpoint any issues, and get them repaired the professional way.</p><p>Our repair technicians will begin with a diagnostic. Typically, repairs are straightforward. If we see that your Dell Chromebook has additional damage, we'll inform you and get your approval before proceeding.</p><h3>Shipping Your Chromebook</h3><p>The shipping cost calculator below can be used to price your shipping cost. Faster shipping options and extra insurance protection are available for purchase if you'd like. When packaging your device, use a sturdy, secure box. You do not need to ship us your cases, cables, or accessories.</p><h3>Customer Service</h3><p>Questions about Water Damage Repair? Type them into the box below, and we'll get back to you as soon as possible. Alternatively, you can reach us at <a href=""tel:888-494-4349"">888-494-4349</a> or <a href=""mailto:support@ifixyouri.com"">support@ifixyouri.com</a></p><p>NOTE: Computer pictured above may not necessarily match your exact model. Your replacement part or parts will match your specific device.</p>","Dell Chromebook Repair, Dell 11 3100 Chromebook Repair, Dell 11 3120 Chromebook Repair, Dell 11 3180 Chromebook Repair, Dell 11 3181 Chromebook Repair, Dell 11 3189 Chromebook Repair, Dell 11 5190 Chromebook Repair, Dell 11 CB1C13 Chromebook Repair, Dell 13 3380 Chromebook Repair, Dell 13 7310 Chromebook Repair",0,Dell Chromebook Water Damage Repair,Dell Chromebook Water Damage Repair performed by Chromebook repair experts iFixYouri. Warranty included. Call today 888-494-4349.
hp-chromebook-diagnostic-service,HP Chromebook Diagnostic Service,"<h2>HP Chromebook Diagnostic Service</h2><p>Please don't try Chromebook Diagnostic Service yourself. Computers have become more complex, with smaller components. You'll most likely cause more damage. Using the shipping label emailed after checkout, send your HP to iFixYouri so our repair technicians can check your device, pinpoint any issues, and get them repaired the professional way.</p>p>iFixYouri is here to solve your problem with Diagnostic Service for HP Chromebooks. With this service, we'll determine the extent of the damage, get your device repaired, and send it back to you. We'll let you know if any other issues affect your device and give you the option of proceeding with those repairs.</p><h3>Shipping Your HP</h3><p>You may purchase faster shipping options and additional insurance protection during checkout. That's up to you. Don't send us your cables, charges, or cases, please. We have plenty here already :) Just package your HP Chromebook in a secure box and affix the provided label.</p><h3>We're Here to Help!</h3><p>iFixYouri can be reached at <a href=""tel:888-494-4349"">888-494-4349</a> or <a href=""mailto:support@ifixyouri.com"">support@ifixyouri.com</a>. Questions may be asked using the chatbot or question form below.</p><p>NOTE: Computer pictured above may not necessarily match your exact model. Your replacement part or parts will match your specific device.</p>","HP Chromebook Repair, HP 11 2010 NR Chromebook Repair, HP 11 CB2 Chromebook Repair, HP 11 G2 Chromebook Repair, HP 11 G3 Chromebook Repair, HP 11 G4 Chromebook Repair, HP 11 G4 EE Chromebook Repair, HP 11 G5 Chromebook Repair, HP 11 G5 (Touch) Chromebook Repair, HP 11 G5 EE Chromebook Repair, HP 11 G6 EE Chromebook Repair, HP 11 G7 EE Chromebook Repair, HP 11 G7 EE Touch Chromebook Repair, HP 11 G8 EE Chromebook Repair, HP 11 V-Series Chromebook Repair, HP 11 X360 2-in-1 Chromebook Repair, HP 11 X360 G1 EE Chromebook Repair, HP 11 X360 G2 EE Chromebook Repair, HP 11 X360 G3 EE Chromebook Repair, HP 13 G1 Chromebook Repair, HP 14 AK-Series Chromebook Repair, HP 14 G3 Chromebook Repair, HP 14 G4 Chromebook Repair, HP 14 G5 Chromebook Repair, HP 14 G6 Chromebook Repair, HP 14 Q-Series Chromebook Repair, HP 14 SMB Chromebook Repair, HP 14 X013DX Chromebook Repair",0,HP Chromebook Diagnostic Service,HP Chromebook Diagnostic Service performed by Chromebook repair experts iFixYouri. Warranty included. Call today 888-494-4349.
hp-chromebook-water-damage-repair,HP Chromebook Water Damage Repair,"<h2>HP Chromebook Water Damage Repair</h2><p>We recommend not trying Chromebook Water Damage Repair yourself. Devices have become sophisticated and you may cause more damage. Using the shipping label which we email to you after checkout, send your HP to iFixYouri's mail-in center so our skilled repair technicians can inspect your device, pinpoint all/any issues affecting it, and get them repaired the professional way.</p><p>Every repair service begins with a series of diagnostic tests to determine what the issue is. Our technicians use their repair experience to quickly diagnose the problem. In many cases, repairs are minimal; however, if we see that your HP Chromebook has additional damage, we'll contact you before proceeding.</p><h3>Shipping Your HP</h3><p>Use the calculator below to estimate shipping. Please ship your device in a sturdy, secure box. If you hear it rattling around in the box, add some more padding. Please do not include cases, cables, or accessories. Standard shipping is covered by us, as well as $100 insurance. Faster shipping and extra insurance coverage can be purchased during checkout.</p><h3>Customer Service</h3><p>Questions about Water Damage Repair? Type them into the box below, and we'll get back to you as soon as possible. Alternatively, you can reach us at <a href=""tel:888-494-4349"">888-494-4349</a> or <a href=""mailto:support@ifixyouri.com"">support@ifixyouri.com</a></p><p>NOTE: Computer pictured above may not necessarily match your exact model. Your replacement part or parts will match your specific device.</p>","HP Chromebook Repair, HP 11 2010 NR Chromebook Repair, HP 11 CB2 Chromebook Repair, HP 11 G2 Chromebook Repair, HP 11 G3 Chromebook Repair, HP 11 G4 Chromebook Repair, HP 11 G4 EE Chromebook Repair, HP 11 G5 Chromebook Repair, HP 11 G5 (Touch) Chromebook Repair, HP 11 G5 EE Chromebook Repair, HP 11 G6 EE Chromebook Repair, HP 11 G7 EE Chromebook Repair, HP 11 G7 EE Touch Chromebook Repair, HP 11 G8 EE Chromebook Repair, HP 11 V-Series Chromebook Repair, HP 11 X360 2-in-1 Chromebook Repair, HP 11 X360 G1 EE Chromebook Repair, HP 11 X360 G2 EE Chromebook Repair, HP 11 X360 G3 EE Chromebook Repair, HP 13 G1 Chromebook Repair, HP 14 AK-Series Chromebook Repair, HP 14 G3 Chromebook Repair, HP 14 G4 Chromebook Repair, HP 14 G5 Chromebook Repair, HP 14 G6 Chromebook Repair, HP 14 Q-Series Chromebook Repair, HP 14 SMB Chromebook Repair, HP 14 X013DX Chromebook Repair",0,HP Chromebook Water Damage Repair,HP Chromebook Water Damage Repair performed by Chromebook repair experts iFixYouri. Warranty included. Call today 888-494-4349.
lenovo-chromebook-diagnostic-service,Lenovo Chromebook Diagnostic Service,"<h2>Lenovo Chromebook Diagnostic Service</h2><p>At iFixYouri, we understand. Your Lenovo is really important to you. When it breaks, it can cause problems. If you need Chromebook Diagnostic Service, let the professional repair technicians at iFixYouri help you out.</p><p>With Diagnostic Service for Lenovo Chromebooks, iFixYouri is here to help. Our repair technicians inspect the problem, as well as any other components, repair your device, and send it back to you quickly. If there are any other issues with your device, we'll let you know and proceed with those repairs only after your approval.</p><h3>Shipping Your Chromebook</h3><p>We email you a printable shipping label, and include $100 of insurance protection. If you would like faster shipping or more insurance coverage, you have the option to upgrade during checkout. </p><h3>Contact/Support</h3><p>Call iFixYouri @ <a href=""tel:888-494-4349"">888-494-4349</a> or <a href=""mailto:support@ifixyouri.com"">support@ifixyouri.com</a>. You can also ask questions using the chatbot or question form below.</p><p>NOTE: Computer pictured above may not necessarily match your exact model. Your replacement part or parts will match your specific device.</p>","Lenovo Chromebook Repair, Lenovo 11 100e Chromebook Repair, Lenovo 11 100e Gen 2 Chromebook Repair, Lenovo 11 100S Chromebook Repair, Lenovo 11 300e Chromebook Repair, Lenovo 11 300e Gen 2 Chromebook Repair, Lenovo 11 500e Chromebook Repair, Lenovo 11 500e Gen 2 Chromebook Repair, Lenovo 11 C330 Chromebook Repair, Lenovo 11 N20P Chromebook Repair, Lenovo 11 N21 Chromebook Repair, Lenovo 11 N22 (Non-Touch) Chromebook Repair, Lenovo 11 N22 (Touch) Chromebook Repair, Lenovo 11 N23 (Non-Touch) Chromebook Repair, Lenovo 11 N23 (Touch) Chromebook Repair, Lenovo 11 N23 Yoga Chromebook Repair, Lenovo 11e Chromebook Repair, Lenovo 13 Thinkpad Chromebook Repair, Lenovo 14 N42 Chromebook Repair, Lenovo 14 N42 (Touch) Chromebook Repair, Lenovo 14e (81MH) Chromebook Repair, Lenovo Yoga 11e Chromebook Repair",0,Lenovo Chromebook Diagnostic Service,Lenovo Chromebook Diagnostic Service performed by Chromebook repair experts iFixYouri. Warranty included. Call today 888-494-4349.
lenovo-chromebook-water-damage-repair,Lenovo Chromebook Water Damage Repair,"<h2>Lenovo Chromebook Water Damage Repair</h2><p>We recommend not trying Chromebook Water Damage Repair yourself. Devices have become sophisticated and you may cause more damage. Using the shipping label which we email to you after checkout, send your Lenovo to iFixYouri's mail-in center so our skilled repair technicians can inspect your device, pinpoint all/any issues affecting it, and get them repaired the professional way.</p><p>With Water Damage Repair for Lenovo Chromebooks, iFixYouri is here to help. Our repair technicians inspect the problem, as well as any other components, repair your device, and send it back to you quickly. If there are any other issues with your device, we'll let you know and proceed with those repairs only after your approval.</p><h3>Shipping Your Lenovo</h3><p>Use the calculator below to estimate shipping. Please ship your device in a sturdy, secure box. If you hear it rattling around in the box, add some more padding. Please do not include cases, cables, or accessories. Standard shipping is covered by us, as well as $100 insurance. Faster shipping and extra insurance coverage can be purchased during checkout.</p><h3>Customer Service</h3><p>Questions about Water Damage Repair? Type them into the box below, and we'll get back to you as soon as possible. Alternatively, you can reach us at <a href=""tel:888-494-4349"">888-494-4349</a> or <a href=""mailto:support@ifixyouri.com"">support@ifixyouri.com</a></p><p>NOTE: Computer pictured above may not necessarily match your exact model. Your replacement part or parts will match your specific device.</p>","Lenovo Chromebook Repair, Lenovo 11 100e Chromebook Repair, Lenovo 11 100e Gen 2 Chromebook Repair, Lenovo 11 100S Chromebook Repair, Lenovo 11 300e Chromebook Repair, Lenovo 11 300e Gen 2 Chromebook Repair, Lenovo 11 500e Chromebook Repair, Lenovo 11 500e Gen 2 Chromebook Repair, Lenovo 11 C330 Chromebook Repair, Lenovo 11 N20P Chromebook Repair, Lenovo 11 N21 Chromebook Repair, Lenovo 11 N22 (Non-Touch) Chromebook Repair, Lenovo 11 N22 (Touch) Chromebook Repair, Lenovo 11 N23 (Non-Touch) Chromebook Repair, Lenovo 11 N23 (Touch) Chromebook Repair, Lenovo 11 N23 Yoga Chromebook Repair, Lenovo 11e Chromebook Repair, Lenovo 13 Thinkpad Chromebook Repair, Lenovo 14 N42 Chromebook Repair, Lenovo 14 N42 (Touch) Chromebook Repair, Lenovo 14e (81MH) Chromebook Repair, Lenovo Yoga 11e Chromebook Repair",0,Lenovo Chromebook Water Damage Repair,Lenovo Chromebook Water Damage Repair performed by Chromebook repair experts iFixYouri. Warranty included. Call today 888-494-4349.
samsung-chromebook-diagnostic-service,Samsung Chromebook Diagnostic Service,"<h2>Samsung Chromebook Diagnostic Service</h2><p>The Samsung Chromebook has great build quality and design, but it isn't invincible. Since your device is of little use when broken, it's a good idea to bring it to iFixYouri for expert Diagnostic Service.</p><p>Each device has its lifespan - some devices use higher quality components than others and can last years. However, repeated use or accidents can cause issues that require professional Chromebook repair technicians.</p>p>iFixYouri is here to solve your problem with Diagnostic Service for Samsung Chromebooks. With this service, we'll determine the extent of the damage, get your device repaired, and send it back to you. We'll let you know if any other issues affect your device and give you the option of proceeding with those repairs.</p><h3>Shipping Your Chromebook</h3><p>The shipping cost calculator below can be used to price your shipping cost. Faster shipping options and extra insurance protection are available for purchase if you'd like. When packaging your device, use a sturdy, secure box. You do not need to ship us your cases, cables, or accessories.</p><h3>Contact/Support</h3><p>Call iFixYouri @ <a href=""tel:888-494-4349"">888-494-4349</a> or <a href=""mailto:support@ifixyouri.com"">support@ifixyouri.com</a>. You can also ask questions using the chatbot or question form below.</p><p>NOTE: Computer pictured above may not necessarily match your exact model. Your replacement part or parts will match your specific device.</p>","Samsung Chromebook Repair, Samsung 11 XE303C12 Chromebook Repair, Samsung 11 XE310XBA Chromebook Repair, Samsung 11 XE500C12 Chromebook Repair, Samsung 11 XE500C13 Chromebook Repair, Samsung 11 XE501C13 Chromebook Repair, Samsung 11 XE503C12 Chromebook Repair, Samsung 11 XE550C22 Chromebook Repair, Samsung 12 XE500C21 Chromebook Repair, Samsung 12 XE510C25 Chromebook Repair, Samsung 12 XE550C22 Chromebook Repair, Samsung 13 XE503C32 Chromebook Repair",0,Samsung Chromebook Diagnostic Service,Samsung Chromebook Diagnostic Service performed by Chromebook repair experts iFixYouri. Warranty included. Call today 888-494-4349.
samsung-chromebook-water-damage-repair,Samsung Chromebook Water Damage Repair,"<h2>Samsung Chromebook Water Damage Repair</h2><p>Please don't try Chromebook Water Damage Repair yourself. Computers have become more complex, with smaller components. You'll most likely cause more damage. Using the shipping label emailed after checkout, send your Samsung to iFixYouri so our repair technicians can check your device, pinpoint any issues, and get them repaired the professional way.</p><p>With Water Damage Repair for Samsung Chromebooks, iFixYouri is here to help. Our repair technicians inspect the problem, as well as any other components, repair your device, and send it back to you quickly. If there are any other issues with your device, we'll let you know and proceed with those repairs only after your approval.</p><h3>Shipping Your Chromebook</h3><p>The shipping cost calculator below can be used to price your shipping cost. Faster shipping options and extra insurance protection are available for purchase if you'd like. When packaging your device, use a sturdy, secure box. You do not need to ship us your cases, cables, or accessories.</p><h3>Contact/Support</h3><p>Call iFixYouri @ <a href=""tel:888-494-4349"">888-494-4349</a> or <a href=""mailto:support@ifixyouri.com"">support@ifixyouri.com</a>. You can also ask questions using the chatbot or question form below.</p><p>NOTE: Computer pictured above may not necessarily match your exact model. Your replacement part or parts will match your specific device.</p>","Samsung Chromebook Repair, Samsung 11 XE303C12 Chromebook Repair, Samsung 11 XE310XBA Chromebook Repair, Samsung 11 XE500C12 Chromebook Repair, Samsung 11 XE500C13 Chromebook Repair, Samsung 11 XE501C13 Chromebook Repair, Samsung 11 XE503C12 Chromebook Repair, Samsung 11 XE550C22 Chromebook Repair, Samsung 12 XE500C21 Chromebook Repair, Samsung 12 XE510C25 Chromebook Repair, Samsung 12 XE550C22 Chromebook Repair, Samsung 13 XE503C32 Chromebook Repair",0,Samsung Chromebook Water Damage Repair,Samsung Chromebook Water Damage Repair performed by Chromebook repair experts iFixYouri. Warranty included. Call today 888-494-4349.
toshiba-chromebook-diagnostic-service,Toshiba Chromebook Diagnostic Service,"<h2>Toshiba Chromebook Diagnostic Service</h2><p>The Toshiba Chromebook has great build quality and design, but it isn't invincible. Since your device is of little use when broken, it's a good idea to bring it to iFixYouri for expert Diagnostic Service.</p><p>Each device has its lifespan - some devices use higher quality components than others and can last years. However, repeated use or accidents can cause issues that require professional Chromebook repair technicians.</p>p>iFixYouri is here to solve your problem with Diagnostic Service for Toshiba Chromebooks. With this service, we'll determine the extent of the damage, get your device repaired, and send it back to you. We'll let you know if any other issues affect your device and give you the option of proceeding with those repairs.</p><h3>Shipping Your Toshiba</h3><p>Use the calculator below to estimate shipping. Please ship your device in a sturdy, secure box. If you hear it rattling around in the box, add some more padding. Please do not include cases, cables, or accessories. Standard shipping is covered by us, as well as $100 insurance. Faster shipping and extra insurance coverage can be purchased during checkout.</p><h3>Questions?</h3><p>If you have specific questions about Diagnostic Service or any Toshiba service from iFixYouri, please ask them in the box below. Contact customer service with any questions at <a href=""tel:888-494-4349"">888-494-4349</a> or <a href=""mailto:support@ifixyouri.com"">support@ifixyouri.com</a>.</p><p>NOTE: Computer pictured above may not necessarily match your exact model. Your replacement part or parts will match your specific device.</p>","Toshiba Chromebook Repair, Toshiba 13 CB30-A3120 Chromebook Repair, Toshiba 13 CB30-B3121 Chromebook Repair, Toshiba 13 CB30-B3122 Chromebook Repair, Toshiba 13 CB35 Chromebook Repair, Toshiba 13 CB35-B3330 Chromebook Repair, Toshiba 13 CB35-B3340 Chromebook Repair, Toshiba 13 CB35-C3300 Chromebook Repair",0,Toshiba Chromebook Diagnostic Service,Toshiba Chromebook Diagnostic Service performed by Chromebook repair experts iFixYouri. Warranty included. Call today 888-494-4349.
toshiba-chromebook-water-damage-repair,Toshiba Chromebook Water Damage Repair,"<h2>Toshiba Chromebook Water Damage Repair</h2><p>We recommend not trying Chromebook Water Damage Repair yourself. Devices have become sophisticated and you may cause more damage. Using the shipping label which we email to you after checkout, send your Toshiba to iFixYouri's mail-in center so our skilled repair technicians can inspect your device, pinpoint all/any issues affecting it, and get them repaired the professional way.</p><p>Our repair technicians will begin with a diagnostic. Typically, repairs are straightforward. If we see that your Toshiba Chromebook has additional damage, we'll inform you and get your approval before proceeding.</p><h3>Shipping Your Chromebook</h3><p>We email you a printable shipping label, and include $100 of insurance protection. If you would like faster shipping or more insurance coverage, you have the option to upgrade during checkout. </p><h3>Customer Service</h3><p>Questions about Water Damage Repair? Type them into the box below, and we'll get back to you as soon as possible. Alternatively, you can reach us at <a href=""tel:888-494-4349"">888-494-4349</a> or <a href=""mailto:support@ifixyouri.com"">support@ifixyouri.com</a></p><p>NOTE: Computer pictured above may not necessarily match your exact model. Your replacement part or parts will match your specific device.</p>","Toshiba Chromebook Repair, Toshiba 13 CB30-A3120 Chromebook Repair, Toshiba 13 CB30-B3121 Chromebook Repair, Toshiba 13 CB30-B3122 Chromebook Repair, Toshiba 13 CB35 Chromebook Repair, Toshiba 13 CB35-B3330 Chromebook Repair, Toshiba 13 CB35-B3340 Chromebook Repair, Toshiba 13 CB35-C3300 Chromebook Repair",0,Toshiba Chromebook Water Damage Repair,Toshiba Chromebook Water Damage Repair performed by Chromebook repair experts iFixYouri. Warranty included. Call today 888-494-4349.
